,total_fat,total_chol
turquoise,0.16615848251511428,0.2045903808961336
blue,-0.12138716579253851,-0.10829266970555118
